"MMM.Close","AXP.Close","AMGN.Close","AAPL.Close","BA.Close","CAT.Close","CVX.Close","CSCO.Close","KO.Close","DOW.Close","GS.Close","HD.Close","HON.Close","IBM.Close","INTC.Close","JNJ.Close","JPM.Close","MCD.Close","MRK.Close","MSFT.Close","NKE.Close","PG.Close","CRM.Close","TRV.Close","UNH.Close","VZ.Close","V.Close","WBA.Close","WMT.Close","DIS.Close"
180,125.849998,240.100006,75.087502,333.320007,150.529999,121.43,48.419998,54.990002,53.75,234.320007,219.660004,180.789993,135.419998,60.84,145.970001,141.089996,200.789993,92.040001,160.619995,102.199997,123.410004,166.990005,137.509995,292.5,61.049999,191.119995,59.080002,118.940002,148.199997
178.449997,124.599998,238.470001,74.357498,332.76001,148.440002,121.010002,47.630001,54.689999,52.419998,231.580002,218.929993,178.860001,134.339996,60.099998,144.279999,138.339996,200.080002,91.25,158.619995,101.919998,122.580002,166.169998,137.020004,289.540009,60.400002,189.600006,59.080002,117.889999,146.5
178.619995,124.059998,240.300003,74.949997,333.73999,148.339996,120.599998,47.799999,54.669998,52.209999,233.949997,219.960007,177.509995,134.100006,59.93,144.100006,138.229996,202.330002,91.639999,159.029999,101.830002,122.75,173.449997,137.169998,291.549988,60.27,189.190002,59.59,117.650002,145.649994
177.899994,123.410004,238.039993,74.597504,337.279999,146.380005,119.059998,47.490002,54.25,52.189999,235.490005,218.520004,177.610001,134.190002,58.93,144.979996,135.880005,202.630005,89.199997,157.580002,101.779999,121.989998,176,135.160004,289.790009,59.599998,188.690002,59.290001,116.559998,145.699997
180.630005,125.540001,238.220001,75.797501,331.369995,147.679993,117.699997,47.52,54.349998,52.73,237.759995,221.789993,177.759995,135.309998,58.970001,144.960007,136.940002,205.910004,88.599998,160.089996,101.550003,122.510002,177.330002,136.610001,295.899994,59.709999,191.919998,55.830002,116.160004,145.399994
181.199997,127.809998,238.929993,77.407501,336.339996,147.309998,117.510002,47.32,55.34,52.189999,242.600006,225.190002,179.070007,136.740005,59.299999,145.389999,137.440002,208.350006,89.379997,162.089996,101.480003,123.849998,179.600006,137.619995,294.220001,58.849998,193.25,54.68,117.360001,144.830002
180.470001,127.279999,238.259995,77.582497,329.920013,146.130005,116.440002,47.130001,55.529999,51.5,242.110001,224.220001,178.679993,136.690002,58.939999,145.059998,136.070007,207.270004,89.529999,161.339996,100.900002,123.970001,180.199997,135.509995,295.130005,58.990002,193.770004,54.220001,116.379997,144.619995
180.919998,128.539993,236.919998,79.239998,330.220001,146.820007,116.660004,47.970001,56.130001,52.349998,245.210007,223.339996,181.270004,136.600006,59.59,145.699997,137.199997,206.509995,89.510002,163.279999,102.160004,124.879997,183.850006,136.259995,285.850006,59.150002,195.330002,54.060001,115.879997,143.880005
181.369995,128.800003,240,78.169998,332.350006,146.679993,116.300003,47.790001,56,52.240002,245.660004,222.809998,180.449997,135.820007,59.43,146.520004,138.800003,207.320007,89.93,162.130005,102.919998,124.690002,182.119995,136.649994,288.23999,59.040001,196.050003,54.619999,116.18,145.199997
179.779999,129.820007,241.699997,77.834999,329.799988,145.570007,116.129997,48.009998,56.700001,52.27,245.210007,224.589996,180.729996,136.619995,58.939999,147.009995,136.720001,209.770004,91.540001,163.179993,102.790001,125.959999,181.059998,137.570007,296.410004,59.099998,199.800003,54.43,115.279999,144.320007
181.009995,130.550003,240.5,78.809998,332,147.869995,116.889999,49.049999,56.82,52.48,249.720001,228.820007,182.259995,137.979996,59.66,148.199997,137.25,210.850006,91.18,166.169998,103.370003,126.07,182.690002,138.850006,300.73999,59.669998,200.949997,54.419998,115.900002,145.119995
181.350006,131.520004,241.490005,79.682503,324.149994,147.779999,115.580002,49.02,56.939999,53.34,249.460007,231.910004,183.229996,138.309998,59.599998,149.169998,138.199997,211.979996,90.970001,167.100006,104.529999,126.410004,182.229996,140.729996,298.470001,60.130001,204.699997,54.41,114.959999,144.330002
179.389999,130.529999,237.600006,79.142502,313.369995,145.850006,113.309998,48.799999,57.169998,52.599998,245.699997,232.949997,180.929993,139.169998,60.549999,149.270004,136.839996,211.160004,89.970001,166.5,104.580002,126.089996,185.270004,140.910004,300.529999,60.32,207.289993,53.869999,115.589996,143.559998
178.029999,131.490005,236.75,79.425003,309,142.630005,112.900002,49.07,57.610001,50.869999,247.050003,232.899994,180.050003,143.889999,62.73,148.25,136.679993,211.440002,89.650002,165.699997,104.489998,126.309998,182.75,141.339996,300.589996,60.48,207.899994,53.419998,116.099998,144.009995
177.740005,131.369995,235.039993,79.807503,317.790009,142.75,113.099998,49,57.830002,50.25,245.580002,233.649994,179.580002,142.869995,63.32,148.529999,136.539993,213.419998,88.559998,166.720001,103.019997,124.989998,183.979996,134.190002,299.459991,60.509998,206.520004,53.299999,115.809998,142.199997
178.149994,135.110001,225.589996,79.577499,323.049988,140.380005,111.849998,48.849998,57.68,48.490002,241.919998,232,177.130005,140.559998,68.470001,148.320007,133.149994,211.240005,85.980003,165.039993,102.029999,125.139999,182.110001,134.779999,292.809998,60.279999,205,52.040001,114.370003,140.080002
175.630005,130.639999,222.949997,77.237503,316.600006,135.729996,110.389999,47.470001,57.48,47.18,238.139999,231.190002,173.539993,138.619995,65.690002,148.75,132.029999,209.339996,86.099998,162.279999,100.239998,125.690002,180.710007,133.729996,284.089996,59.91,201.690002,52.23,115.860001,135.899994
165.580002,132.449997,224.839996,79.422501,316.559998,136.740005,111.120003,47.77,57.009998,47.16,242.580002,233.860001,175.460007,139.550003,67.309998,149.5,134.429993,210.389999,86.25,165.460007,100.410004,126.029999,182.850006,134.389999,285.869995,60.700001,202.850006,52.779999,116.599998,138.369995
162,131.679993,227.149994,81.084999,322.019989,135.779999,110.370003,47.049999,57.009998,49.669998,240.119995,234.020004,175.669998,137.690002,66.330002,150.539993,134.229996,214.440002,87.239998,168.039993,99.839996,125.059998,181.770004,133.270004,282.899994,59.529999,204.860001,52.279999,115.889999,136.059998
162.509995,133.220001,226.149994,80.967499,323.299988,135.369995,111.400002,47.240002,58.860001,48.470001,244.130005,232.789993,178.339996,136.770004,66.470001,150.360001,135.889999,216.179993,86.5,172.779999,98.190002,125.949997,185.669998,134.199997,280.980011,59.360001,208.210007,51.950001,116.580002,137.809998
158.660004,129.869995,216.050003,77.377502,318.269989,131.350006,107.139999,45.970001,58.400002,46.07,237.75,228.100006,173.220001,143.729996,63.93,148.869995,132.360001,213.970001,85.440002,170.229996,96.300003,124.620003,182.309998,131.619995,272.450012,59.439999,198.970001,50.849998,114.489998,138.309998
156.589996,131,216.880005,77.165001,316,129.770004,106.279999,46.529999,58.580002,46.740002,239.009995,231.539993,171.320007,146.270004,64.419998,150.169998,133.369995,215.179993,87.339996,174.380005,99.269997,125.110001,185.419998,133.610001,274.019989,58.049999,200.809998,50.950001,114.269997,141.320007
157.240005,131.850006,221.809998,79.712502,317.940002,133.509995,106.849998,47.619999,58.84,48.049999,241.940002,235,175.210007,149.110001,65.459999,151.600006,135.289993,214.619995,88.360001,180.119995,101.379997,125.660004,188.339996,132.580002,280.839996,58.290001,203.559998,52.34,115.269997,144.729996
162.330002,133.600006,231.940002,80.362503,329.549988,137.440002,110.279999,48.450001,58.849998,49.610001,244.300003,238.110001,176.899994,156.330002,67.339996,153.990005,137.589996,214.369995,85.830002,179.899994,100.540001,126.809998,185.490005,136.779999,295.730011,59.130001,202.809998,52.98,116.809998,141.369995
162.889999,133.25,231.449997,81.302498,341.429993,137.25,109.489998,48.689999,58.990002,49.200001,241.820007,238.839996,176.350006,156.759995,67.089996,153.529999,137.610001,212.869995,85.68,183.630005,100.269997,127.139999,186.729996,136.5,292.459991,59.439999,203.039993,53.490002,116.309998,142.699997
160.080002,131.820007,229.330002,80.0075,336.75,133.369995,108.940002,47.970001,59.189999,48.029999,238,237.300003,175.279999,153.410004,66.019997,151.889999,137.169998,211.610001,85.080002,183.889999,99.440002,126.080002,185.720001,136.009995,289.220001,59.939999,202.740005,53.240002,116.449997,141.020004
160.149994,132.240005,227.419998,80.387497,344.670013,134.320007,109.790001,48.869999,59.75,48.189999,237.360001,240.610001,176.949997,154.429993,66.389999,151.860001,137.740005,213.210007,85.660004,188.699997,100.019997,126.169998,189.119995,136.220001,287.029999,60.240002,205.990005,53.419998,115.25,142.589996
162.449997,132.630005,228.960007,79.902496,344.420013,136.190002,111.209999,49.130001,59.59,48.790001,236.460007,241.639999,179.149994,153.479996,67.410004,151.990005,138,215.729996,85.25,184.440002,100.019997,124.160004,189.110001,137.380005,290.790009,58.689999,203.940002,52.990002,115.400002,141.009995
163.800003,133.240005,227,81.800003,347.450012,139.589996,112.040001,49.93,59.41,49.380001,238.649994,241.589996,181.179993,155.309998,67.459999,151.089996,138,217.460007,83.25,184.710007,103,123.449997,189.460007,135.710007,303.480011,58.23,207.440002,54.470001,115.849998,141.850006
159.759995,134.460007,223.039993,81.217499,342.820007,139.720001,111.660004,47.32,59.610001,48.299999,238.350006,242.360001,180.119995,154.309998,67.440002,150.089996,137.880005,217.419998,81.970001,183.710007,103.370003,124.959999,188.639999,136.880005,302.200012,58.650002,207.399994,53.57,117.440002,140.899994
161.009995,135.869995,223.479996,81.237503,340.48999,137.990005,110.080002,46.970001,59.950001,48.630001,237.080002,245.029999,180.809998,150.699997,67.269997,150.130005,137.460007,217.089996,82.650002,185.350006,103.540001,126.139999,189.949997,137.759995,298.779999,58.509998,210.289993,52.849998,117.889999,139.539993
158.880005,135.600006,221.690002,79.75,338.880005,136.580002,110.239998,46.59,59.529999,47.740002,233.210007,243.940002,179.419998,151.100006,66.139999,149.139999,135.639999,216.149994,82.459999,187.229996,102,124.870003,191.089996,135.880005,302.140015,57.91,211.199997,51.860001,119.629997,139.139999
159.339996,136.929993,222.960007,80.904999,338.299988,136.860001,110.739998,46.290001,59.77,47.560001,237.330002,243.639999,180.860001,150.860001,67.110001,148.940002,137.490005,215.630005,82,187.279999,102.459999,125.440002,192.869995,134.509995,305.309998,58.220001,213.309998,52.07,117.68,141.300003
158.559998,136.580002,222.139999,80.074997,336.279999,136.929993,109.809998,46.849998,59.720001,48.759998,232.729996,247.020004,180.699997,151.220001,65.449997,148.369995,137.490005,215.080002,82.489998,184.419998,102.529999,126.580002,193.360001,133.979996,302.130005,58.09,211.449997,51.869999,117.690002,140.369995
156.929993,134.899994,222.789993,78.262497,330.380005,137.210007,109.010002,46.299999,60.130001,48.299999,230.619995,245.339996,179.880005,149.839996,64.339996,149.929993,135.809998,215.869995,82.339996,178.589996,100.25,126.699997,189.5,135.160004,301.429993,58.200001,208.809998,51.450001,118.580002,138.970001
152.550003,128.190002,217.880005,74.544998,317.899994,132.169998,104.709999,44,58.650002,46.240002,224.539993,239.699997,175.270004,146.429993,61.759998,145.910004,132.160004,213.520004,81.330002,170.889999,95.910004,123.300003,185.940002,134.119995,277.790009,57.990002,198.789993,49.029999,116.32,133.009995
146.850006,120.900002,210.380005,72.019997,304.140015,129,100.709999,42.740002,57.82,43.950001,217.610001,237.380005,167.800003,141.710007,59.73,144.649994,126.260002,212.100006,80.269997,168.070007,92.900002,121.43,181.270004,130.789993,263.390015,57.119999,188.399994,47.509998,114.389999,128.190002
148.960007,118.5,214.539993,73.162498,305.589996,128.25,98.040001,42.16,57.599998,43.049999,215.779999,235.279999,167.179993,139.75,59.650002,143.679993,126.639999,210.100006,79.940002,170.169998,92,120.160004,178.869995,128.559998,263,57.139999,187.210007,47.669998,113.779999,123.360001
150.160004,112.809998,203.5,68.379997,287.76001,123.269997,94.129997,40.040001,54.93,39.549999,205.690002,224.729996,159.550003,133.110001,55.830002,139.119995,121.370003,201,78.080002,158.179993,88.550003,113.5,172.149994,124.080002,253.919998,55.060001,180.009995,46.240002,110.400002,118.040001
149.240005,109.93,199.729996,68.339996,275.109985,124.239998,93.339996,39.93,53.490002,40.41,200.770004,217.839996,162.169998,130.149994,55.52,134.479996,116.110001,194.169998,76.559998,162.009995,89.379997,113.230003,170.399994,119.809998,254.960007,54.16,181.759995,45.759998,107.68,117.650002
153.020004,113.870003,212.199997,74.702499,289.269989,127.599998,96.589996,41.169998,55.919998,41.419998,209.470001,229.940002,164.240005,134.300003,58.18,140.020004,121.519997,202.550003,81.370003,172.789993,92.68,119.559998,176.759995,127.68,273.109985,57.32,192.330002,48.110001,115.879997,119.980003
145.240005,108.010002,204.419998,72.330002,280.619995,124.379997,94.389999,40.040001,56.060001,40.560001,203.429993,227.940002,161.889999,128.899994,55.970001,135.589996,116.959999,199.509995,79.129997,164.509995,90.93,118.169998,169.369995,125.309998,261.399994,55.700001,185.729996,46.119999,112.910004,116.449997
153.979996,115.699997,215.110001,75.684998,283.119995,127.400002,98.529999,41.389999,58.919998,41.91,208.740005,241.080002,171.190002,134.220001,58.68,143.479996,119.849998,207.020004,82.970001,170.550003,93.790001,124.5,175.690002,131.529999,289.420013,58.119999,194.289993,48.689999,116.769997,119.18
151.410004,110.940002,212.119995,73.230003,260.369995,121.970001,97.190002,39.57,56.740002,40.099998,198.789993,234.809998,164.919998,129.550003,56.959999,142.009995,113.970001,198.320007,81.580002,166.270004,90.580002,121.629997,169.600006,128.020004,282.959991,57.16,186.960007,48.779999,115.919998,113.980003
153.649994,108.239998,210.649994,72.2575,262.329987,121.410004,95.32,39.68,55.259998,38.970001,192.850006,228.509995,164.029999,127.730003,55.77,142.029999,108.080002,198.860001,82.199997,161.570007,88.360001,121.660004,164.080002,124.839996,283.869995,56.869999,184.360001,50.509998,117.230003,115.269997
144.059998,98.290001,198.369995,66.542503,227.169998,104.07,80.669998,37.959999,51.860001,30.530001,172.809998,210.460007,152.860001,117.809998,50.849998,136.440002,93.440002,186.860001,78.959999,150.619995,84.110001,116.059998,151.210007,116.199997,273.440002,55.830002,171.130005,48.439999,117.160004,104.349998
153.300003,103.300003,206.800003,71.334999,231.009995,106.489998,84.980003,40.080002,53.66,31.4,184.350006,225.699997,161.690002,124.769997,53.98,141.639999,100.699997,199.860001,82.019997,160.919998,88.300003,120.550003,161.339996,119.57,280,56.52,182.600006,49.16,119.790001,111.459999
147.240005,95.379997,198.649994,68.857498,189.080002,100.690002,83.029999,37.049999,52.209999,27.99,171.889999,212.889999,153.389999,117.970001,51.66,131.800003,95.959999,188.25,79.25,153.630005,84,111.589996,154.570007,112.599998,277.779999,54.830002,172.949997,46.07,114.43,105.510002
133.580002,83.529999,182.240005,62.057499,154.839996,92.260002,76.260002,33.200001,47.16,23.67,150.679993,190.589996,134.850006,102.809998,45.540001,125.410004,88.050003,170.130005,74.449997,139.059998,74.199997,101.839996,140.589996,102.18,250.410004,51.200001,160.080002,41.02,104.050003,91.809998
141.679993,99.599998,202.100006,69.4925,170.199997,99.639999,83.419998,37.639999,48.470001,25.690001,177.169998,205.669998,149.410004,107.949997,54.43,134.289993,103.910004,177.130005,76.75,158.830002,75.580002,114.07,147.779999,107.449997,272.040009,54.169998,175.830002,46.189999,114.099998,102.519997
130.910004,85.870003,188.679993,60.552502,129.610001,93.410004,69.699997,33.709999,45.259998,22,154.660004,164.960007,135.270004,99.080002,44.610001,127.129997,88.360001,149.009995,69.919998,135.419998,66.790001,108.5,124.300003,85.099998,225.039993,50.990002,152.009995,45.080002,106.760002,95.010002
134.440002,86.580002,207.800003,63.215,124.139999,100.199997,70.690002,35.5,47.18,26.6,158.669998,173.639999,131.800003,106.650002,50.080002,136.589996,93.760002,147.619995,74.480003,146.570007,69.839996,118.239998,135.419998,96.410004,244.220001,54.310001,157.889999,49.599998,119.260002,93.529999
137.020004,73.75,204.880005,61.6675,101.889999,100.120003,55.049999,37.119999,44.849998,26.440001,140.020004,155.630005,119.610001,103.550003,47.610001,134.960007,83.889999,137.300003,71.629997,140.399994,68.040001,117.449997,132.240005,81.690002,217.059998,54.32,148.479996,52.810001,122.580002,88.800003
137.509995,77.07,198.759995,61.195,97.709999,103.010002,57.389999,37.709999,41.830002,28.120001,149.490005,161.130005,118.959999,100.339996,45.939999,127.050003,85.300003,149.5,70.730003,142.710007,70.339996,110.830002,139.460007,86.07,219.800003,53.619999,152.25,48.549999,119.449997,94.93
124.889999,74.120003,188.25,57.310001,95.010002,95.5,59.389999,35.599998,38.299999,27.440001,138.410004,152.149994,112.5,95.389999,45.830002,119.889999,83.5,148.490005,71.360001,137.350006,67.449997,102.43,139.350006,89.510002,206.589996,51.799999,146.830002,46.419998,113.970001,85.980003
117.870003,68.959999,185.929993,56.092499,105.620003,91.849998,54.220001,34.599998,37.560001,26.58,134.970001,162.389999,103.860001,94.769997,49.580002,111.139999,79.029999,137.100006,66.400002,135.979996,62.799999,97.699997,140.520004,88.360001,194.860001,50.310001,135.740005,43.610001,114.279999,85.760002
132.720001,84.050003,202.339996,61.720001,127.68,101.339996,66.550003,38.599998,39.450001,28.469999,153.600006,184.720001,119.510002,105.480003,52.400002,119.18,88.43,161.949997,69.050003,148.339996,72.330002,103.269997,153.639999,93.739998,219.800003,49.990002,154.529999,45.25,115.029999,98.120003
131.539993,90.169998,193.139999,61.380001,158.729996,104.669998,69.269997,37.669998,41.610001,30.379999,155.130005,181.759995,129.649994,105.849998,51.259998,119.400002,91.730003,162.979996,68.220001,146.919998,79.010002,100.919998,147.059998,92.18,234.490005,49.939999,161.779999,41.439999,109.400002,100.730003
136.179993,93.290001,198.490005,64.610001,180.550003,110.5,76.379997,40.580002,44.290001,29.68,165.789993,195.210007,137.399994,112.889999,55.540001,126.57,98.120003,167.350006,73.529999,156.110001,84.300003,107.379997,154.729996,98.669998,255.389999,53.540001,168.880005,45.669998,109.82,105.360001
133.240005,88.730003,198.270004,61.935001,162,105.440002,68.779999,38.82,42.810001,28.559999,158.339996,190.550003,131.270004,108.029999,52.369999,123.160004,91.129997,164.009995,71.730003,149.699997,83.230003,110.169998,146,99.949997,242.449997,52.77,161.559998,44,109.580002,96.400002
137.740005,90.269997,208.479996,63.702499,152.279999,111.709999,71.949997,40.32,45,28.65,159.619995,196.100006,131.75,112.93,55.490002,133.009995,93.5,168.130005,76.949997,160.229996,85.379997,115,149.850006,102.589996,251.279999,54.77,165.570007,45.16,115.190002,99.800003
136.509995,85.610001,202.729996,63.572498,149.139999,116.040001,72.459999,39.310001,44.25,29.24,154.589996,186.710007,133.789993,110.93,54.119999,131.130005,90.029999,165.350006,76.940002,157.710007,82.739998,110,143.979996,99.349998,249.380005,53.73,161.119995,45.75,113.620003,96.599998
133.139999,77.839996,197.809998,60.227501,130.699997,111.349998,68.559998,38.330002,42.119999,27.040001,145.289993,178.630005,129.710007,105.139999,51.880001,128.809998,84.360001,158.169998,73.800003,152.110001,79.230003,109.330002,134.059998,95.199997,237.320007,52.919998,153.110001,43.029999,114.139999,94.919998
137.910004,76.660004,208.880005,61.232498,123.269997,116.739998,76.120003,39.799999,43.950001,28.030001,149.929993,181.309998,132.809998,110,54.349998,133.149994,87.510002,161.5,76.870003,155.259995,80.139999,114.400002,134.320007,97.190002,240.440002,55.25,157.389999,40.32,118.650002,96.970001
133.789993,73.599998,205.410004,60.352501,124.519997,114.669998,75.110001,39.060001,43.830002,27.969999,146.929993,178.699997,127.449997,106.339996,54.130001,134.169998,84.050003,160.330002,76.25,153.830002,78.860001,115.080002,134.309998,93.889999,229.490005,54.700001,151.850006,40.720001,119.480003,93.879997
140.699997,83.870003,211.580002,65.6175,148.770004,120.43,80.389999,41.43,46.669998,30.540001,158.229996,191.330002,134,114.82,58.43,139.759995,89.459999,177.039993,80.309998,165.270004,84.629997,117.809998,147.550003,98.980003,248.339996,56.700001,169.440002,42.630001,126.07,99.580002
144.600006,87.580002,208.779999,64.857498,141.580002,121.919998,80.919998,40.639999,46.509998,32.330002,166.020004,192.289993,135.240005,114.940002,58.400002,137.479996,90.639999,175.589996,78.559998,163.490005,84.160004,112.769997,145.070007,100.779999,248.039993,56.98,168.589996,42.810001,121.989998,101.239998
148.990005,92.080002,219.190002,66.517502,146.869995,127.400002,85.980003,41.740002,47.82,34.790001,176.960007,194.820007,139.25,119.290001,58.98,143.259995,94.300003,177.490005,81.620003,165.130005,85.300003,115.099998,151.119995,104.940002,267.829987,57.799999,174.940002,43.09,121.839996,101.07
147.779999,94.82,218.210007,66.997498,151.839996,125.029999,84.309998,41.200001,49,36.560001,184.259995,201.529999,143.429993,121.5,57.139999,141.229996,102.760002,183.699997,82.489998,165.139999,86.790001,114.660004,154.550003,109.739998,264.130005,57.439999,173.690002,43.98,121.800003,104.5
146.399994,90.330002,218.270004,68.3125,147.330002,114.139999,84.910004,41.220001,46.93,35.23,179.179993,198.789993,137.940002,121.150002,58.700001,139.770004,98.190002,180.119995,80.540001,165.509995,84.459999,115.949997,152.5,106.419998,263.51001,56.669998,168.990005,44.110001,125.300003,103.5
150.139999,88.389999,226.800003,71.762497,141,116.480003,84.610001,42.779999,48.919998,35.369999,178.229996,207.169998,140.589996,123.910004,60.66,146.029999,95.5,183.990005,82.839996,173.699997,87.470001,120.959999,157.710007,108.019997,270.5,58.139999,174.619995,46.380001,129,106.029999
145.160004,83.790001,221.800003,71.107498,145.979996,111.529999,82.489998,41.52,47.610001,32.23,178.520004,198.479996,134.839996,118.690002,58.869999,147.660004,90.790001,177.839996,82.07,171.880005,85.040001,121.220001,155.630005,102.169998,281.679993,56.93,165.960007,43.439999,128.759995,103.370003
144.899994,81.349998,230.899994,71.672501,134.240005,113.220001,79.989998,41.5,47.099998,31.629999,177.039993,199.850006,132.330002,115.730003,60.790001,149.669998,87.330002,179.5,83,177.039993,86.300003,121.5,157.059998,99.809998,298.429993,57.66,162.419998,43.23,132.330002,102.019997
146.460007,87.389999,234.970001,70.699997,154,116.300003,87.169998,42.48,48.060001,33.419998,183.490005,209.419998,138.320007,120.120003,60.360001,152.020004,95.18,186.100006,83.459999,178.600006,89.910004,124.690002,162.619995,105.07,290.559998,58.459999,169.539993,44.5,132.119995,106.629997
143.669998,84.010002,236.600006,69.232498,143.610001,114.599998,83.57,42.540001,46.529999,31.530001,180.399994,206.050003,135.699997,120.410004,59.18,151.669998,91.709999,181.649994,83.099998,175.059998,87.900002,120.599998,162.759995,101.779999,282.140015,58.130001,164.220001,42.849998,129.850006,102.260002
141.630005,81.519997,230.75,67.092499,136.330002,109.849998,81.639999,40.549999,45.380001,30.879999,173.809998,200.610001,132,116.760002,56.360001,149.679993,89.050003,177.580002,78.559998,167.820007,85.199997,119.68,150.559998,101.779999,274.190002,56.82,160.529999,42.549999,129.210007,100.540001
143.610001,82.540001,229.289993,69.025002,134.970001,110.639999,84.440002,41.759998,45.68,31.84,175.979996,204.169998,133.029999,119.309998,60.099998,152.990005,89.339996,186.479996,79.980003,173.520004,88.769997,119.400002,154.139999,101.790001,277.019989,57.990002,166.589996,43.310001,131.589996,100.989998
144.330002,82.459999,232.490005,68.7575,137.740005,112.910004,86.800003,41.619999,45.07,32.560001,175.050003,202.320007,134.679993,121.349998,59.040001,155.509995,89.389999,182.039993,80.879997,171.419998,87.349998,119.400002,151.720001,100.449997,285.329987,57.59,166.380005,43.5,128.529999,101
147,83.169998,236.279999,70.7425,128.979996,114.040001,87.010002,42.52,45.43,33.119999,177,212.179993,135.520004,124.720001,59.259998,154.860001,90.709999,184.020004,81.43,174.550003,88.370003,118.779999,153.979996,100.82,291.290009,57.93,167.320007,43.740002,129.440002,101.190002
153.649994,85.059998,242.429993,70.792503,128.679993,115.199997,89.709999,43.060001,46.779999,34.439999,183.539993,217.759995,139.880005,125.919998,59.470001,154.289993,94.620003,185.889999,83.980003,174.050003,89.370003,117.449997,157.630005,102.889999,293.980011,57.810001,171.759995,44.43,128.300003,106.059998
157.610001,88.190002,237.669998,69.644997,131.300003,115.459999,89.910004,42.490002,46.740002,35.869999,187.009995,217.630005,142.759995,126.269997,58.75,151.389999,95.290001,185.929993,81.18,169.809998,88.800003,116.889999,154.460007,104.290001,288.359985,57.830002,171.25,44.650002,128,106.209999
156.259995,96.120003,235.690002,71.932503,139,120.059998,94.620003,43.34,47.119999,37.470001,190.029999,221.809998,146.160004,128.690002,61.799999,150.240005,97.860001,187.820007,80.769997,177.429993,88.07,117.080002,160.429993,106,287.649994,58.119999,181.789993,45.360001,123.599998,112.25
151.919998,91.25,239.220001,73.449997,141.020004,116.379997,92,42.380001,45.889999,36.689999,183.419998,219.830002,141.899994,125.559998,59.98,150.039993,95.760002,187.559998,79.339996,179.210007,87.18,117.870003,161.949997,101.209999,292.470001,57.450001,178.720001,43.290001,121.550003,108.150002
148.600006,88.32,230.979996,72.267502,133.369995,110.879997,89.440002,40.919998,45.599998,33.93,177.100006,218.570007,137.25,121.870003,57.470001,148.289993,93.25,182.660004,77.669998,174.570007,85.540001,116.82,156.369995,96.050003,284.51001,56.830002,175.570007,41.66,122.919998,105.5
148.399994,86.379997,230.910004,73.290001,131.460007,107.720001,91.440002,41.349998,45.139999,33.060001,176.029999,221.839996,135.199997,121.68,57.990002,148.270004,92.139999,181.869995,76.860001,178.839996,85.75,115.769997,161.470001,96.910004,287.540009,56.240002,176.149994,42.450001,123.699997,103.18
147.429993,86.739998,236.360001,74.389999,125.400002,108.910004,92.889999,41.459999,45.400002,33.369999,178.300003,225.610001,134.869995,122.580002,58.75,149.5,92,179.240005,78.010002,180.759995,87.199997,116.010002,163.25,96.849998,293.040009,56.509998,178.440002,42.02,124.730003,101.059998
146.199997,84,236.589996,75.157501,121.860001,107.669998,90.050003,41.150002,44.75,31.959999,176.919998,223.919998,133.039993,123.169998,59.18,148.080002,90.269997,176.970001,77.120003,182.539993,88.440002,113.099998,163.669998,93.290001,288.769989,55.639999,178.779999,41.200001,123.300003,100.879997
145.740005,86.730003,233.330002,75.934998,128.649994,107.290001,92.639999,41.369999,44.599998,32.849998,182.320007,229.449997,132.789993,121.230003,59.169998,147.589996,91.209999,181.119995,75.599998,183.600006,88.559998,112.169998,169.899994,95.800003,285,55.580002,182.720001,40.66,121.889999,105.57
148.509995,89.5,234.820007,77.532501,133.440002,112.110001,95.470001,42.990002,46.110001,34.330002,185.389999,234.429993,136.910004,122.989998,59.669998,148.699997,92.699997,181.229996,76.400002,184.679993,90.459999,115.949997,175.899994,97.339996,287,57,185.089996,41.669998,122.940002,109.160004
145.729996,85.330002,242.740005,78.752502,128.910004,108.610001,93.370003,43.32,45.540001,33.900002,183.160004,236.559998,134.279999,122.589996,60.130001,149.110001,89.970001,180.880005,77.910004,186.740005,90.93,115.309998,182.669998,95.510002,288.690002,56.400002,183.559998,41.709999,123.669998,107.769997
141.520004,83.139999,237.210007,77.852501,125.220001,105,91.099998,43.220001,44.82,33.790001,177.210007,232.899994,127.589996,120.260002,58.389999,147.139999,87.029999,176.539993,77.190002,182.509995,88.260002,114.550003,177.539993,93.959999,287.700012,55.459999,179.470001,40.529999,123.779999,104.559998
136.119995,78.029999,236.830002,76.912498,121.5,104.480003,88.699997,41.950001,43.939999,32.349998,171.800003,230.100006,122.970001,115.730003,57.740002,147.130005,84.029999,172.820007,77.889999,179.75,86.019997,113.919998,169.639999,89.860001,278,54.849998,177.089996,38.349998,123.709999,102.919998
135.990005,83.809998,237.979996,77.385002,122.519997,106.190002,90.050003,43.849998,43.700001,33.509998,174.449997,234.479996,127.050003,116.949997,59.080002,147.639999,87.519997,175.410004,80.050003,180.529999,86.550003,113.809998,167,90.220001,290.609985,54.91,180.899994,38.849998,123.419998,105.910004
138.690002,82.220001,240.199997,76.927498,120,107.919998,89.160004,44.27,43.259998,33.560001,171.869995,239.330002,125.410004,116.980003,58.279999,150.440002,85.900002,173.809998,79.779999,183.160004,86.989998,114.610001,171.330002,90.309998,290.959991,54.709999,183.490005,38.400002,125.940002,109.050003
149.270004,88.410004,233.190002,78.739998,135.440002,115.019997,92.550003,45.060001,44.970001,36.740002,181.880005,245.350006,136.039993,121.559998,59.919998,150.520004,90.449997,179.830002,79.720001,184.910004,91.040001,116.209999,172.5,95.300003,293.359985,55.720001,191.380005,40.860001,127.660004,116.849998
148.380005,87.260002,227.429993,78.285004,130.440002,112.080002,89.620003,44.610001,44.540001,35.639999,177.830002,238.100006,131.949997,120.290001,60.290001,149.020004,88.669998,179.570007,77.550003,183.630005,91.510002,112.440002,176.039993,93.269997,289.049988,54.380001,189.360001,39.77,124.949997,114.370003
149.679993,90.730003,227.869995,79.807503,133.320007,115.690002,93,45.439999,45.889999,36.18,181.440002,238.190002,136.029999,121.379997,63.099998,147.679993,91.330002,184.100006,76.889999,185.660004,92.949997,113.279999,176.929993,95.540001,287.98999,54.259998,193.860001,40.139999,125.449997,119.919998
145.809998,89.830002,224.779999,79.212502,139,114.059998,92.040001,44.639999,45.169998,35.82,180.100006,240.880005,137.690002,119.120003,61.98,146.710007,90.169998,185.080002,76.550003,183.429993,94.260002,111.620003,175.259995,99.169998,286.910004,53.970001,190.619995,39.75,124.989998,117.830002
146.440002,89.330002,226.429993,79.722504,137.529999,112.470001,90.279999,44.900002,45.029999,36.119999,179.929993,241.880005,139.179993,118.389999,62.259998,144.369995,89.470001,184.410004,76.370003,183.509995,93.75,112.599998,177.850006,100.099998,289.940002,54.099998,190.860001,39.599998,124.330002,118.019997
152.080002,94.32,222.399994,79.182503,144.729996,117.410004,93.300003,44.84,46.09,38.790001,196.059998,242.479996,144.940002,121.760002,62.34,144.559998,95.82,184.839996,77.260002,181.570007,96.620003,112.029999,176.520004,103.360001,294.890015,54.299999,193.220001,42.16,123.860001,120.949997
158.149994,101.230003,224.809998,79.527496,149.520004,122.419998,93.900002,45.959999,46.73,39.82,209.660004,247.360001,148.589996,125.540001,63.560001,144.889999,101.370003,187.720001,77.550003,181.809998,99.870003,113.889999,176.600006,106.82,303.769989,55.139999,192.820007,42.970001,122.480003,121.529999
156.820007,98.059998,224.130005,79.5625,149.820007,120.739998,90.870003,45.599998,47.09,38.709999,201.220001,245.139999,147.559998,124.529999,61.700001,146.970001,99.860001,188.729996,79.040001,181.399994,98.459999,116.059998,181.100006,107.589996,303.970001,55.720001,194.259995,41.830002,123.690002,116.75
156.440002,95.07,229.699997,79.485001,145.850006,120.129997,91.699997,47.82,46.68,38.599998,196.490005,248.479996,145.850006,124.900002,62.93,148.75,97.309998,186.320007,80.720001,183.25,98.580002,115.919998,174.789993,106.980003,304.850006,57.380001,195.240005,42.939999,124.059998,117.300003
155.580002,96.75,226.910004,80.462502,151.389999,120.5,92.790001,46.299999,46.990002,38.610001,199.929993,247.289993,146.179993,124.889999,61.860001,147.190002,98.599998,187.410004,79.559998,182.830002,99.540001,117.25,176.360001,109.150002,305.929993,55.779999,194.350006,43.299999,123.959999,118.769997
157.639999,99.07,223.720001,80.834999,153.309998,123.32,94.690002,46.889999,46.900002,40.599998,204.139999,252.710007,148.350006,126,62.119999,148.25,98.93,187.589996,80.839996,184.910004,100.739998,118.059998,174.229996,111,306.309998,56.400002,196.360001,43.549999,123.940002,118.75
161.210007,105.400002,221,81.279999,173.160004,127.089996,97.18,46.939999,47.900002,41.630001,210.570007,251,153.350006,129.050003,61.93,148.649994,104.269997,193.289993,82.059998,185.360001,104.110001,118.529999,174.990005,114.470001,305.350006,56.830002,196.869995,43.610001,123.470001,122.18
162.550003,106.540001,220.880005,80.580002,184.300003,128.960007,96.279999,46.860001,47.919998,42.709999,214.820007,248.949997,155.910004,128.889999,62.970001,146.729996,106.440002,193.240005,81.550003,182.919998,101.279999,116.050003,171.440002,118,298.079987,57.220001,193.639999,44.200001,122.110001,123.690002
167.410004,109.730003,225.669998,82.875,205.429993,135.119995,100.809998,47.830002,49.09,43.970001,217.919998,254.899994,161.369995,132.059998,64.339996,147.300003,111.230003,197.160004,82.260002,187.199997,102.709999,118.330002,173.880005,124.360001,311.850006,57.740002,199.610001,45.349998,121.559998,124.82
166.869995,113.669998,225.75,83.364998,230.5,137.720001,103.239998,48.130001,49.849998,45.900002,220.809998,256.769989,162.919998,135.75,63.669998,146.770004,113.449997,202.649994,82.900002,188.360001,104.290001,119.050003,176.550003,128,309.480011,58.09,199.600006,47.02,121.239998,127.279999
166.699997,110.459999,224.899994,85.997498,216.740005,134.190002,101.529999,48.049999,49,44.41,218.100006,256.76001,158.100006,131.869995,63.040001,145.960007,110.540001,199.520004,82.260002,189.800003,102.629997,118.339996,174.559998,125.419998,309.209991,57.860001,199.080002,45.279999,121.349998,123.889999
163.899994,106.160004,227.119995,88.209999,203.410004,132.440002,97.580002,47.419998,48.619999,43.580002,213.520004,254.449997,154.119995,129.869995,63.869999,147.800003,106.059998,195.800003,81.769997,196.839996,102.120003,119.230003,182.100006,120.980003,305.75,58.049999,200.479996,44.279999,121.160004,122.18
152.380005,98.599998,218.899994,83.974998,170,121.550003,89.370003,43.669998,45.540001,39.259998,194.130005,239.470001,143.440002,118.010002,59.700001,140.869995,97.209999,187.509995,77.349998,186.270004,95.169998,116.260002,172.050003,110.550003,283.730011,56.450001,188.880005,40.75,120.089996,112.639999
154.869995,101.68,217.899994,84.699997,189.509995,123.150002,92.389999,45.07,45.599998,41.23,201.779999,242.449997,144.509995,121.910004,59.330002,142.149994,99.870003,189.169998,76.300003,187.740005,96.43,115.620003,175.110001,113.330002,285.149994,56.529999,192.259995,41.400002,117.739998,115.489998
157.729996,103.949997,219.779999,85.747498,190.940002,123.610001,91.230003,45.349998,46.299999,41.98,206.309998,241.360001,146.630005,121.650002,60.099998,141.25,101.25,189.490005,74.019997,188.940002,97.839996,116.690002,178.610001,114.849998,286.279999,56.150002,191.759995,41.490002,118.080002,117.080002
159.669998,105.620003,226.869995,88.019997,197.770004,130.110001,94.029999,46.48,46.77,42.25,209.589996,249.949997,149.110001,125.150002,60.400002,144.460007,102.059998,190.320007,76.970001,193.570007,99.040001,118.129997,180.479996,116.150002,293,56.919998,192.880005,42.150002,119.650002,118.440002
159.220001,103.959999,225.970001,87.897499,192.539993,128.229996,91.540001,46.169998,46.580002,41.169998,206.190002,250.850006,148.339996,124.150002,60.490002,144.020004,99.480003,190.789993,76.290001,194.240005,99.209999,117.93,181.399994,114.82,292.600006,56.650002,193.559998,42.150002,119.029999,117.650002
159.210007,102.160004,230.320007,87.932503,192.289993,127.589996,91.940002,45.830002,46.990002,41.580002,203.839996,249.210007,148.229996,124.160004,60.080002,143.410004,98.940002,189.490005,76.220001,196.320007,98.449997,119.279999,187.660004,116.050003,291.480011,56.889999,193.910004,41.98,117.989998,118.370003
158.149994,100.940002,238.699997,87.43,187.020004,127.459999,90.629997,45.32,46.02,41.650002,201.630005,246.649994,145.369995,122.470001,59.619999,143.830002,97.809998,186.559998,77.900002,195.149994,95.779999,118.919998,186.949997,116.559998,291.23999,56.16,192.199997,44.130001,119.849998,114.349998
156.690002,99.440002,234.190002,89.717499,188.520004,125.790001,91.589996,45.16,45.740002,41.740002,203.419998,249.160004,144.940002,121.07,60.09,143.389999,96.75,187.460007,76.75,200.570007,99.510002,117.75,191.649994,116.230003,292.670013,55.66,194.960007,43.240002,121.68,115.919998
157.839996,99.419998,235.75,91.6325,187.880005,126.25,91.440002,45.470001,45.639999,41.349998,204.779999,250.309998,144.860001,119.410004,59.919998,142.860001,97.93,186.619995,77.120003,201.910004,101.919998,117.730003,189.059998,116.190002,297.600006,54.939999,197.970001,42.810001,121.07,116.589996
152.220001,95.480003,232.509995,90.014999,176.690002,122.059998,87.639999,44.75,44.650002,38.450001,198.020004,246.130005,138.350006,116.419998,59.09,139.820007,94.660004,184.289993,75.870003,197.839996,100.080002,116.419998,185.550003,112.860001,289.179993,53.93,191.410004,41.169998,120.300003,112.07
154.669998,97.849998,235.110001,91.209999,174.880005,124.709999,89.209999,45.220001,44.93,39.98,207.100006,245.380005,142.460007,119.029999,58.509998,139.669998,97.959999,182.759995,76.57,200.339996,101.400002,117.889999,188.339996,114.620003,296.220001,54.279999,193.979996,42.040001,119.709999,111.360001
152.520004,93.419998,232.839996,88.407501,170.009995,122.389999,86.459999,46.310001,43.57,39.799999,189.190002,241.009995,138.210007,117.190002,57.5,137.809998,92.589996,179.740005,75.190002,196.330002,93.669998,115.230003,183.169998,111,286.880005,53.16,189.270004,41.169998,118.32,109.099998
155.570007,94.519997,231.559998,90.445,194.490005,125.25,87.669998,46.150002,44.360001,40.98,193.470001,246.119995,143.240005,119.75,58.27,139.039993,93,182.800003,76.120003,198.440002,95.870003,117.660004,183.330002,112.900002,289.76001,54.689999,191.380005,42.32,119.059998,111.519997
155.990005,95.199997,235.860001,91.199997,183.300003,126.5,89.230003,46.639999,44.68,40.759998,197.619995,250.509995,144.589996,120.769997,59.830002,140.630005,94.059998,184.470001,77.330002,203.509995,98.050003,119.57,187.330002,114.050003,294.950012,55.130001,193.169998,42.389999,119.779999,111.510002
155.429993,94.050003,255.119995,91.027496,180.320007,126.059998,87.620003,46.060001,44.82,40.75,197.570007,248.149994,144.110001,118.540001,58.810001,140.380005,93.260002,184.660004,78.120003,204.699997,97.400002,119.980003,191.889999,112.5,297.730011,54.669998,193.779999,40.880001,119.690002,113.010002
157.039993,94.330002,258.23999,91.027496,180.809998,127.720001,88.309998,45.630001,44.880001,41.59,197.399994,248.5,145.020004,119.699997,59.130001,140.970001,92.660004,183.520004,78.779999,206.259995,98.43,120.879997,192.529999,112.459999,298.26001,54.790001,195.669998,41.98,119.209999,112.18
158.100006,96.580002,256.25,93.462502,187.910004,129.429993,88.57,46.419998,45.23,42.450001,207.360001,249.550003,147.220001,120.190002,59.540001,142.979996,95,188.5,79.580002,210.699997,99.949997,121.629997,197.720001,114.57,302.809998,55.240002,197.759995,43.16,118.889999,114.43
154.820007,93.010002,253.149994,93.172501,178.880005,127.199997,86.309998,45.630001,45.209999,41.689999,199.360001,247.350006,144.970001,117.580002,58.310001,142.850006,92.32,185.820007,78.720001,208.25,97.07,122.220001,196.380005,112.480003,296.649994,55.040001,194.199997,42.220001,126.949997,113.629997
154.580002,92.900002,251.589996,95.342499,180.080002,128.130005,86.349998,45.810001,45.07,40.349998,202.25,249.169998,145.589996,117.709999,58.610001,143.270004,93.300003,185.850006,77.919998,212.830002,98.839996,122.889999,200.279999,113.18,298.359985,55.380001,195.070007,42.290001,124.440002,116.660004
151.449997,90.57,251.660004,95.752502,173.279999,125.730003,82.739998,46.700001,43.91,39.439999,196.830002,247.960007,141.369995,115.709999,58.419998,142.490005,91.279999,184.330002,76.690002,214.320007,96.989998,122.480003,200.740005,110.040001,291.160004,53.939999,192.210007,39.009998,127.75,116.809998
152.850006,93.230003,249.039993,95.919998,178.440002,128.009995,85.230003,46.66,45.150002,40.759998,205.559998,250.110001,142.449997,118.349998,59.529999,142.369995,96.269997,184.880005,76.730003,213.669998,97.989998,123.889999,198.880005,113.839996,291.230011,54.490002,192.550003,40.119999,130.679993,119.339996
154.800003,93.559998,250.039993,95.477501,175.649994,130.570007,85.400002,45.93,45.25,41.240002,208.880005,249.619995,143.490005,119.199997,58.580002,145.210007,97.650002,184.919998,77.349998,207.070007,96.459999,124.050003,188.339996,114.239998,299.709991,54.450001,189.020004,39.580002,129.520004,116.220001
158.539993,94.839996,253.089996,97.057503,179.960007,136.880005,88.349998,46.259998,45.869999,42.439999,214.009995,257.790009,148.100006,120.599998,58.98,147.919998,98.209999,190.720001,78.25,208.350006,96.760002,125.089996,189.559998,118.550003,308.519989,55.439999,193.330002,40.110001,132.009995,118.660004
159.330002,97.360001,253.309998,97.724998,187.940002,138.360001,88.889999,46.400002,46.400002,43.330002,216.899994,257.799988,151.929993,123,59.029999,148.259995,99.730003,191.770004,79.440002,208.039993,98.540001,124.5,188.089996,119.139999,304.070007,55.060001,196.550003,40.68,132,120.900002
160.5,96.32,255.199997,96.522499,178.699997,138.559998,88.360001,45.779999,46.150002,43.830002,214.669998,258.079987,153.080002,124.010002,59.139999,149.25,100.010002,190.919998,79.400002,203.919998,97.260002,124.760002,185.509995,120.5,307.149994,55.779999,193.5,41.349998,132.199997,119.43
159.830002,95.18,258.459991,96.327499,175.660004,136.899994,87.190002,46.75,46.82,43.669998,211.410004,260.380005,155,125.110001,60,149.350006,98.160004,191.479996,79.870003,202.880005,96.279999,125.629997,187.779999,119.160004,306.529999,56.299999,195.089996,41.419998,131.740005,118.650002
156.369995,94,260.950012,98.357498,174.419998,134.630005,85.269997,46.970001,46.119999,42.299999,211.710007,260.170013,153.389999,126.370003,61.150002,149.600006,97.300003,191.610001,79.410004,211.600006,95.650002,125.239998,195.089996,118.769997,303.459991,55.869999,198.470001,40.459999,131.470001,117.790001
157.800003,96.330002,257.910004,97,178.630005,135.869995,91.389999,47.02,47.200001,43.040001,212.020004,262.420013,154.759995,126.059998,60.700001,149.740005,99.410004,192.979996,78.889999,208.75,98.360001,125.07,190.800003,120.419998,305.109985,55.84,196.479996,40.41,132.330002,118.620003
158.710007,96.540001,256.980011,97.272499,179.789993,136.979996,91.040001,46.900002,48.48,44.34,206,265.170013,154.610001,128.669998,61.049999,150.009995,98.690002,198.619995,78.779999,211.75,98.910004,126.139999,191.309998,122.239998,306.709991,55.75,198.860001,40.689999,132.660004,119.029999
159.289993,96.669998,252.240005,92.845001,176.449997,136.600006,91.010002,47.41,48.279999,42.82,203.020004,263.809998,153.729996,127.330002,60.400002,149.610001,98.980003,197.550003,78.059998,202.539993,98.300003,126.160004,188.539993,118.610001,302.970001,55.849998,197.429993,40.34,131.639999,118.120003
159.839996,95.330002,247.979996,92.614998,173.759995,137.580002,90.129997,46.400002,48.490002,42.610001,201.470001,265.309998,149.429993,125.790001,50.59,148.119995,98.279999,198.720001,77.099998,201.300003,98.43,125.959999,188.490005,118.279999,300.790009,56.849998,195.149994,40.509998,131.240005,117.610001
163.240005,95.790001,253.649994,94.809998,170.210007,139.889999,91.040001,47.189999,48.48,44,203.020004,267.420013,150.759995,126.209999,49.57,147.179993,96.900002,201.25,78.93,203.850006,97.209999,126.32,190.960007,116.629997,298.600006,56.869999,196.910004,39.84,131.210007,116.309998
155.330002,94.419998,255.270004,93.252502,170.839996,138.029999,89.110001,46.279999,48.18,42.619999,201.619995,265.279999,152.009995,124.470001,49.240002,146.830002,97.32,196.240005,79.690002,202.020004,96.269997,127.879997,189.5,115.029999,299.929993,57.48,196.740005,40.68,131.759995,116.18
156.25,96.690002,248.850006,95.040001,166.009995,140.529999,90.07,46.709999,48.02,43.52,202.580002,264.660004,154.580002,125.32,48.07,146.539993,99.68,196.210007,79.349998,204.059998,96.970001,128.309998,193.610001,116.849998,306.679993,57.450001,198.580002,41.16,130.690002,115.610001
152.119995,94.650002,246.139999,96.190002,161.949997,136.729996,86.269997,46.439999,47.689999,41.73,199.529999,266.309998,149.160004,122.900002,47.990002,146.839996,97.019997,195.410004,78.989998,203.899994,96.82,131.419998,191.699997,115.93,305.230011,57.299999,194.059998,40.639999,130.119995,115.660004
150.470001,93.32,244.669998,106.260002,158,132.880005,83.940002,47.099998,47.240002,41.060001,197.960007,265.48999,149.369995,122.940002,47.73,145.759995,96.639999,194.279999,80.239998,205.009995,97.610001,131.119995,194.850006,114.419998,302.779999,57.48,190.399994,40.709999,129.399994,116.940002
150.410004,93.540001,247.360001,108.9375,162.270004,131.779999,84.809998,47.16,46.299999,40.09,199.389999,266.179993,148.529999,124.309998,48.299999,147.350006,96.099998,194.399994,82.540001,216.539993,98.330002,131.289993,203.190002,114.400002,303.609985,57.240002,190.690002,41.080002,129.300003,116.349998
151.210007,93.190002,243.589996,109.665001,165.070007,131.520004,86.489998,47.669998,46.689999,41.32,201.639999,267.869995,147.330002,125.839996,49.130001,147.220001,95.550003,199.360001,81.669998,213.289993,97.330002,133.789993,201.410004,113.099998,304.5,57.91,192.289993,40.93,131.639999,117.290001
155.350006,95.389999,241.470001,110.0625,174.279999,134.970001,87.199997,47.330002,47.220001,41.990002,204.520004,267.480011,150.820007,125.449997,48.919998,148.399994,97.209999,199.259995,81.639999,212.940002,100.940002,133.440002,202.639999,115.080002,312.470001,57.540001,196.100006,40.810001,129.809998,127.610001
156,95.919998,241.550003,113.902496,172.199997,134.389999,87.470001,47.77,47.48,42.049999,204.25,269.369995,152.580002,126.120003,48.57,147.550003,97.239998,203.179993,81.050003,216.350006,100.449997,132.710007,207.789993,113.739998,314.059998,57.830002,198.770004,40.889999,129.350006,130.820007
158.330002,99.160004,240.690002,111.112503,170.020004,134.919998,86.800003,47.43,47.799999,42.630001,208.270004,271.640015,155.110001,124.959999,48.029999,148.600006,99.379997,204.600006,81.019997,212.479996,101.860001,133.550003,201.050003,117.360001,317.029999,58.529999,196.360001,41.52,129.970001,129.929993
161.440002,101.620003,238.169998,112.727501,179.410004,142.020004,89.730003,47.73,47.720001,44.799999,209.380005,274.730011,159.429993,127.110001,49.220001,148.029999,100.639999,204.119995,80.910004,208.25,105.410004,134.100006,197.160004,119.120003,319.100006,58.990002,196.789993,42.860001,131.880005,128.789993
163.380005,103.260002,234.649994,109.375,180.130005,142.529999,89.620003,47.189999,47.93,44.5,211.059998,274.920013,160.279999,126.75,48.189999,146.970001,103.82,205,80.910004,203.380005,105.120003,133.229996,191.990005,119.919998,315.549988,58.509998,197.770004,41.849998,130.199997,130.490005
164.259995,101.68,241.720001,113.010002,175.440002,142.570007,90.720001,48.099998,48.43,44.279999,212.130005,281.579987,160.070007,126.699997,49.189999,149.660004,102.940002,206.020004,82.68,209.190002,105.220001,135.460007,192.619995,118.860001,322.269989,58.599998,198.740005,41.82,131.889999,131.789993
165.860001,100.419998,240.460007,115.010002,174.729996,140.669998,89.82,42.720001,48.380001,44.43,208.389999,281.660004,158.979996,125.029999,48.560001,148,102.370003,206.490005,83.540001,208.699997,106.519997,135.779999,195.139999,119.269997,321.519989,58.52,197.580002,41,131.850006,130.960007
166.100006,100.410004,239.710007,114.907501,178.080002,139.960007,90.349998,42.5,48.450001,44.869999,207.970001,280.549988,160.279999,125.269997,48.889999,148.240005,102.410004,207.029999,83.480003,208.899994,106.43,135.100006,193.460007,118.599998,323.700012,58.790001,196.639999,41.91,132.600006,130.529999
164.710007,97.550003,243.009995,114.607498,172.009995,138.720001,90.769997,42.09,48.209999,44.459999,203.070007,288.23999,158.759995,124.440002,48.93,148.990005,99.709999,208.669998,84.760002,210.279999,105.660004,135.5,196.740005,115.910004,320.51001,58.779999,199.429993,41.18,135.600006,129.369995
164.380005,96.669998,241.5,115.5625,170.229996,138.369995,87.629997,41.98,48.419998,44.709999,201.309998,285,157.380005,124.919998,48.650002,150.089996,98.32,210.320007,84.559998,211.490005,106.970001,136.509995,204.009995,114.93,316.809998,59.18,199.009995,40.759998,134.710007,128.919998
163.970001,96.889999,240.490005,115.707497,169.270004,138.020004,86.389999,41.869999,47.369999,44.639999,203.020004,282.859985,156.850006,123.839996,48.330002,150.389999,98.550003,209.509995,85.029999,209.699997,108.389999,135.770004,205.110001,113.199997,315.399994,59.049999,200.990005,40.25,132.410004,127.769997
162.970001,96.720001,238.729996,118.275002,169.580002,137.479996,84.809998,42.310001,47.349998,43.689999,201.850006,280.679993,156.169998,123.150002,49.169998,151.419998,97.370003,209.880005,85.029999,214.580002,108.010002,136.850006,209.509995,112.529999,313.329987,58.959999,204.149994,39.709999,130.570007,128.119995
161.710007,96.150002,237.639999,124.370003,167.5,138.429993,85.080002,42.25,47.279999,43.59,202.429993,283.230011,157.5,123.160004,49.279999,152.759995,97.32,211.570007,84.980003,213.020004,109.75,137.440002,207.529999,111.830002,314.140015,58.990002,204.130005,39.459999,131.630005,127.440002
163.529999,99.330002,235.570007,125.857498,178.270004,141.679993,87.199997,42.18,47.970001,46.119999,207.339996,286.75,159.369995,125.68,49.139999,152.149994,100.059998,212.619995,85.419998,213.690002,111.830002,138.509995,208.460007,114.900002,308.839996,59.57,206.410004,39.740002,131.330002,130.690002
163.100006,99.050003,248.220001,124.824997,174.729996,141.149994,86.129997,41.959999,47.91,45.59,206,286.130005,164.529999,124.639999,49.43,152.059998,100.5,212.649994,85.68,216.470001,111.510002,139.059998,216.050003,115.620003,312.220001,59.419998,208.100006,39.5,130.630005,129.789993
163.899994,98.400002,250.179993,126.522499,171.899994,141.830002,84.779999,42.25,48.16,46.34,207.220001,291.929993,165.309998,124.169998,49.549999,152.300003,99.089996,213.759995,85.540001,221.149994,111.529999,138.389999,272.320007,113.540001,308.820007,59.459999,210.259995,38.669998,130.699997,132.179993
164.080002,101.529999,252.809998,125.010002,174.199997,143.369995,84.910004,42.290001,48.23,46.16,210.149994,288.630005,165.990005,124.650002,49.400002,152.979996,102.349998,212.190002,85.82,226.580002,110.839996,138.210007,276.320007,117.18,311.670013,59.43,211.029999,39.34,136.630005,133.729996
165.660004,102.540001,253.119995,124.807503,175.800003,143.630005,85.629997,42.200001,49.830002,46.049999,207.710007,286.290009,168.380005,125.07,50.43,153.639999,102.769997,214.910004,85.650002,228.910004,112.290001,138.770004,271.100006,115.889999,314.369995,59.259998,215.710007,38.759998,140.300003,135.539993
163.020004,101.589996,253.320007,129.039993,171.820007,142.309998,83.93,42.220001,49.529999,45.119999,204.869995,285.040009,165.550003,123.309998,50.950001,153.410004,100.190002,213.520004,85.269997,225.529999,111.889999,138.330002,272.649994,116.040001,312.549988,59.27,211.990005,38.02,138.850006,131.869995
164.800003,102.470001,250.860001,134.179993,172.100006,146.050003,83.080002,42.029999,49.119999,47.27,205.460007,285.940002,167.970001,123.400002,50.790001,151.520004,100.139999,212.690002,84.43,227.270004,114.839996,138.179993,281.25,114.690002,312.829987,59.16,213.350006,36.759998,147.589996,133.550003
169.509995,104.400002,258.119995,131.399994,174.779999,149.270004,83.190002,42.419998,51.189999,49.220001,210.039993,287.200012,172.470001,128.179993,52.25,153.830002,101.650002,216.229996,86.93,231.649994,116.800003,140.509995,276.690002,117.480003,320.23999,60.529999,216.479996,37.169998,147.679993,135.389999
166.309998,104.459999,247.910004,120.879997,168.770004,146.759995,82.279999,40.950001,50.48,48.389999,207.559998,274.630005,166.300003,124.449997,50.389999,149.550003,101.330002,213.800003,85.489998,217.300003,112.849998,138.259995,265.01001,115.349998,316.230011,60.610001,208.960007,37.09,144.539993,133.240005
165.770004,105.669998,248.399994,120.959999,171.050003,148.179993,81.93,40.82,51.040001,48.599998,210.940002,269.660004,166.690002,122.300003,50.080002,148.589996,103.519997,211.729996,85.239998,214.25,112.400002,137.960007,254.699997,116.57,312,60.48,204.660004,36.889999,142.830002,131.990005
163.169998,103.669998,241.179993,112.82,161.080002,148.520004,78.970001,40,49.810001,47.93,202.479996,269.26001,164.270004,121.209999,48.91,147.259995,99.919998,213.580002,83.330002,202.660004,112.720001,135.940002,241.270004,113.739998,307.25,59.959999,200.119995,36.099998,138.449997,134.199997
165.699997,103.779999,245.570007,117.32,160.779999,152.690002,80.029999,40.130001,50.189999,49.23,202.220001,277.040009,165.75,122.260002,49.619999,149.699997,100.870003,215.710007,84.879997,211.289993,114.900002,138.149994,250.429993,113.629997,312.019989,60.040001,204.059998,35.349998,139.889999,133.360001
163.149994,102.769997,240.639999,113.489998,157.690002,149.860001,78.150002,39.57,50,48.700001,200.009995,272.700012,164.270004,120.559998,48.959999,146.910004,99.830002,217.240005,83.57,205.369995,114.790001,136.699997,247.800003,111.800003,304.600006,59.529999,201.539993,34.669998,136.809998,133.220001
166.169998,103.360001,243.210007,112,160.229996,153.830002,77.690002,39.880001,51.060001,49.849998,200.919998,276.329987,166.449997,121.459999,49.279999,147.779999,101.07,218,84.480003,204.029999,118,138.139999,243.100006,113.400002,301.480011,59.790001,200.679993,34.700001,136.699997,131.75
168.460007,107.269997,246.75,115.360001,165.350006,153.509995,77.290001,40.369999,50.709999,50.09,201.339996,280.649994,168.470001,122.089996,49.41,148.350006,102.470001,220.559998,84.160004,205.410004,119.279999,138.630005,246.639999,114.459999,308.570007,60.32,204.979996,35.110001,137.320007,131.25
166.570007,106.68,248.350006,115.540001,163.490005,148.600006,76.349998,40.599998,51.049999,51.07,198,285.579987,168.300003,122.440002,50,148.889999,99.279999,222.369995,84.209999,208.779999,119.269997,138.630005,251.679993,112.150002,307.230011,60.599998,205.389999,35.27,137.360001,131.240005
169.509995,105.980003,247.759995,112.129997,167.460007,151.110001,78.559998,40.419998,50.790001,49.700001,200.679993,281.630005,170,124.220001,50.369999,148.399994,99.699997,224.809998,85.57,205.050003,118.589996,137.699997,250.600006,113.169998,306.519989,60.369999,205.130005,36.279999,136.259995,132.089996
172.380005,104.660004,248.080002,110.339996,167.529999,153.869995,78.790001,40.369999,50.549999,50.970001,194.830002,279.959991,170.339996,124.919998,50.32,147.169998,98.559998,222.580002,85.639999,202.910004,116.360001,137.520004,244.529999,112.599998,304.980011,60.59,205.270004,37.209999,136.690002,130.220001
169.550003,103.440002,247.720001,106.839996,161.139999,152.389999,78.209999,39.810001,50.450001,50.369999,194.860001,275.190002,168.699997,122.760002,49.889999,149.179993,98.349998,220.270004,85.809998,200.389999,114.660004,137.369995,242.779999,111.610001,308.019989,60.349998,202.610001,36.93,135.289993,128.630005
161.360001,98.169998,243.190002,110.080002,156.350006,145.330002,76.300003,39.040001,49.09,47.91,194,272.350006,161.369995,120.25,49.720001,145.100006,95.309998,216.410004,83.129997,202.539993,113.370003,136.710007,245.050003,109.449997,299.190002,59.610001,197.449997,35.790001,137.070007,125.410004
162.339996,98.480003,247.5,111.809998,156.800003,147.149994,75.529999,39.32,49.66,47.799999,191.619995,273.309998,162.679993,120.510002,49.950001,144.210007,94.269997,216.410004,82.940002,207.419998,116.870003,137.960007,247.779999,109.25,294.26001,59.82,200.559998,35.720001,138.309998,127.209999
159.509995,95.559998,242.589996,107.120003,151.179993,144.380005,71.949997,38.279999,48.209999,46.740002,186.119995,266.549988,158.789993,118.830002,48.82,144.440002,92.739998,214.970001,82.629997,200.589996,127.110001,136.309998,235.990005,107.489998,292.140015,58.91,195.369995,35.060001,135.990005,123.279999
160.419998,95.449997,240.320007,108.220001,146.050003,145.139999,71.800003,37.849998,48.700001,46.41,195.110001,265.700012,158.759995,118.089996,49.16,144.669998,92.660004,216.119995,83.150002,203.190002,124.75,136.919998,237.550003,107.82,292.660004,59.189999,195.520004,35.029999,136.699997,122.489998
160.270004,96.260002,243.820007,112.279999,156.029999,145.910004,71.830002,38.450001,48.720001,46.040001,194.949997,268.549988,161.490005,118.949997,49.939999,145.660004,93.470001,218.179993,82.93,207.820007,124.230003,137.619995,242.740005,108.110001,302.5,59.389999,197.25,35.43,137.270004,124
161.660004,98.82,247.029999,114.959999,166.080002,147.679993,73.93,39.130001,49.279999,47.48,199.070007,272.329987,164.639999,121.730003,51.43,147.110001,96.160004,220.259995,82.760002,209.440002,124.32,138.009995,246.669998,110.220001,303.230011,59.360001,200.320007,36.07,137.25,125.989998
159.809998,97.75,248.300003,114.089996,163.600006,147.410004,71.900002,39.060001,48.919998,46.57,196.789993,272.109985,164.509995,120.940002,51.189999,147.059998,95.349998,218.679993,81.900002,207.259995,126.349998,137.259995,247.449997,107.440002,304.149994,59.240002,199.440002,35.380001,137.139999,125.400002
160.179993,100.25,254.160004,115.809998,165.259995,149.149994,72,39.389999,49.369999,47.049999,200.970001,277.709991,164.610001,121.669998,51.779999,148.880005,96.269997,219.490005,82.949997,210.330002,125.540001,138.990005,251.320007,108.190002,311.769989,59.490002,199.970001,35.919998,139.910004,124.080002
158.789993,101.330002,255.389999,116.790001,167.860001,146.710007,70.419998,38.799999,49.18,46.110001,198.550003,277.619995,163.679993,121.089996,52.240002,147.320007,96.970001,219.589996,81.639999,212.460007,126.639999,139.240005,253.449997,107.809998,313.070007,59.450001,203.350006,35.869999,143.080002,123.309998
160.360001,101.610001,245.410004,113.019997,168.080002,149.940002,71.190002,38.27,49.360001,47.310001,199.899994,279.309998,165.610001,120.57,51.009998,146.240005,97.889999,222.669998,80.800003,206.190002,126.639999,138.119995,247.850006,108.580002,311.980011,59.240002,201.460007,35.77,140.5,122.550003
162.75,103.889999,256.01001,116.5,171.199997,153.490005,72.699997,38.57,49.380001,48.580002,201.800003,282.100006,168.720001,122.010002,51.689999,148.229996,99.040001,226.070007,81.239998,210.380005,127.910004,139.389999,251.529999,111.910004,318.149994,59.66,203.539993,36.619999,141.800003,123.370003
162.229996,101.760002,252.690002,113.160004,159.539993,151.529999,72.300003,38.57,48.939999,47.880001,201.089996,276.470001,166.889999,121.970001,51.369999,146.259995,98.019997,224.089996,79.629997,205.910004,127.650002,139.610001,250.139999,111.529999,314.450012,59.459999,200.449997,35.950001,140.630005,120.93
166.490005,103.379997,257.670013,115.080002,164.610001,154.770004,73.779999,39.400002,49.560001,48.299999,203.600006,282.790009,171.550003,124.07,52.669998,147.880005,99.730003,226.479996,80.040001,209.830002,130.059998,140.699997,259.980011,113.800003,323.170013,59.610001,202.470001,36.490002,140.889999,122.910004
167.710007,106.059998,240.089996,114.970001,168,156.660004,75.220001,39.790001,50.459999,49.380001,207.979996,284.519989,173.779999,131.490005,53.369999,148.889999,101.779999,225.800003,80.480003,210.580002,129.710007,141.649994,260.220001,115.620003,322.410004,59.189999,202.979996,37.07,141.360001,123.089996
169.300003,106.339996,236.699997,116.970001,167.330002,158.940002,74,39.849998,50.810001,49.360001,207.539993,285.920013,174.380005,127.790001,52.82,150.970001,101.199997,224.830002,80.360001,215.809998,130.979996,142.919998,265.980011,115.830002,327.839996,59.330002,206.639999,36.34,142.779999,124.980003
168.649994,106.610001,239.509995,124.400002,167.350006,162.610001,74.510002,40.360001,51.09,48.580002,214.119995,286.910004,175.360001,127.209999,53.880001,151.839996,102.440002,226.110001,80.360001,221.399994,129.460007,144.490005,267.070007,116.540001,329.970001,59.549999,206.399994,36.93,144.25,124.970001
166.630005,105.010002,239.339996,121.099998,162.139999,162.119995,73.400002,39.810001,50.220001,47.880001,210.809998,290.359985,171.550003,125.099998,53.830002,148.360001,100.779999,227.350006,80.709999,222.860001,129.199997,144.210007,266.829987,112.889999,331.420013,59.360001,204.320007,36.18,146.229996,128.960007
168.399994,104.809998,237.649994,121.190002,163.240005,163.610001,72.949997,39.889999,50.119999,48.830002,211.229996,287.089996,173.470001,125.940002,53.549999,148.100006,100.220001,227.619995,80.510002,220.860001,127.660004,144.039993,261.829987,112.029999,321.850006,58.43,202.199997,35.91,143.940002,126.589996
169.080002,104.43,235.009995,120.709999,164.240005,165.039993,73.510002,39.970001,49.990002,49.009998,208.600006,287.540009,172.610001,124.889999,53.849998,147.190002,101.720001,229.639999,79.059998,219.660004,129,143.830002,257.720001,112.639999,324.570007,58.16,199.550003,37.639999,144.529999,127.360001
170.970001,104.910004,235.720001,119.019997,167.350006,168.75,72.889999,40.16,50.029999,49.299999,206.210007,287.660004,174.860001,125.93,54.16,148.100006,101.510002,229.369995,79.830002,219.660004,128,144.389999,258.549988,113.32,329.899994,58.049999,200.259995,37.41,144.710007,126.809998
169.550003,102.470001,230.710007,115.980003,167.110001,167.529999,71.279999,39.299999,49.619999,48.84,205.690002,283.730011,171.589996,125.519997,54.580002,144.320007,99.800003,226,78.669998,214.220001,127.43,141.910004,255.009995,111.839996,324.220001,57.299999,196.970001,36.970001,142.949997,124.230003
170.949997,103.139999,231.100006,117.510002,167.240005,168.990005,71.68,39.200001,50.25,49.34,208.029999,286.040009,173.259995,117.370003,53.43,144.550003,100.370003,227.449997,78.269997,214.649994,128.490005,142.479996,255.970001,118.110001,323.410004,57.25,197.699997,37.490002,143.899994,124.949997
169.169998,101.43,228.970001,116.870003,163.860001,167.399994,70.870003,39.060001,49.990002,48.549999,202.910004,284.51001,172.869995,115.059998,53.5,143.929993,99.370003,228.190002,78.07,214.800003,129.429993,143.25,254.229996,125,322.790009,56.75,198.429993,37.389999,144.399994,126.629997
170.710007,104.790001,227.979996,115.75,169.070007,169.660004,73.400002,38.82,50.68,48.82,205.399994,281.160004,176.850006,115.760002,53.900002,145.080002,102.879997,229.149994,79.209999,214.889999,130.020004,141.449997,249.669998,126.139999,325.730011,57.330002,197.990005,37.509998,143.550003,127.559998
169.800003,100.980003,227.160004,115.040001,167.360001,168.589996,72.57,38.82,50.52,48.529999,205.039993,283,175.539993,116,48.200001,145.240005,103.809998,228.710007,79.830002,216.229996,129.990005,142.380005,250.520004,125.970001,330.600006,57.959999,198.009995,38.040001,143.850006,128.350006
166.160004,96.879997,224.889999,115.050003,160.830002,163.199997,70.940002,37.669998,49.799999,47.150002,201.139999,276.040009,170.169998,112.220001,46.720001,143.970001,101.239998,224.270004,78.839996,210.080002,128.369995,141.300003,241.979996,121.540001,323.059998,57.810001,193.070007,37.209999,142.160004,124.059998
161.029999,94.93,223.460007,116.599998,155.240005,157.910004,69.510002,36.869999,49.900002,46.57,195.679993,276.839996,166.75,110.559998,45.639999,143.149994,99.330002,222.970001,77.989998,213.25,127.989998,142.360001,250.300003,119.089996,320.51001,57.380001,190.059998,36,142.869995,123.309998
158.529999,91.599998,216.380005,111.199997,148.139999,151.160004,66.879997,35.709999,47.959999,45.18,189.770004,269.720001,161.160004,106.650002,44.25,138.360001,96.540001,214.690002,76.18,202.679993,122.080002,137.660004,238.429993,121.5,308,56.310001,180.869995,34.59,140.039993,118.470001
158.479996,91.07,217.820007,115.32,148.289993,154.669998,68.800003,35.689999,48.02,46.25,189.940002,269.630005,164.600006,108.910004,44.110001,137.190002,97.169998,214.949997,75.889999,204.720001,122.860001,137.570007,237.139999,122.459999,303.679993,56.759998,184.869995,33.52,139.919998,121.540001
159.960007,91.239998,216.940002,108.860001,144.389999,157.050003,69.5,35.900002,48.060001,45.490002,189.039993,266.709991,164.949997,111.660004,44.279999,137.110001,98.040001,213,75.209999,202.470001,120.080002,137.100006,232.270004,120.709999,305.140015,56.990002,181.710007,34.040001,138.75,121.25
162.940002,93.400002,220.210007,108.769997,148.600006,163.270004,72.150002,35.900002,48.619999,47.82,190.199997,270.73999,173.610001,112.910004,44.459999,138.690002,100.25,212.559998,76.709999,202.330002,122.389999,138.5,232.449997,123.919998,312.100006,57.700001,184.740005,35.790001,140.399994,120.129997
165.509995,96.290001,220.059998,110.440002,153.649994,167.690002,71.739998,36.68,49.349998,48.73,197.929993,277.369995,179.210007,114.160004,44.849998,138.5,103.410004,216.800003,76.919998,206.429993,124.589996,141.220001,237.130005,126.339996,321.350006,57.75,188.339996,37.369999,142.779999,124.019997
160.160004,96.400002,230.330002,114.949997,151.630005,155.229996,71.769997,36.57,49.169998,46.450001,197.869995,282.720001,178.910004,111.900002,45.700001,139.399994,100.25,214.869995,80.620003,216.389999,127.339996,140.639999,250.740005,123.400002,354.559998,57.220001,193.970001,36.299999,141.960007,125.07
163.199997,98.110001,231.970001,119.029999,157.089996,163.089996,72.139999,37.23,49.439999,48.970001,202.960007,285.850006,183.279999,114.769997,45.68,139.759995,104.349998,216.309998,80.459999,223.289993,129.699997,142.380005,260.220001,127.510002,354.399994,58.150002,197.639999,37.529999,143.470001,126.959999
163.020004,96.690002,231.669998,118.690002,157.740005,161.289993,71.150002,37.529999,49.450001,48.23,201.259995,284.23999,184.270004,114.040001,45.389999,142.25,102.959999,216.559998,80.360001,223.720001,128.899994,143.229996,260.149994,127,347.459991,58.529999,198.470001,37.310001,145.770004,127.459999
163.429993,117.370003,235,116.32,179.360001,170.820007,79.400002,38.200001,52.57,52.119999,214.929993,269.970001,196.990005,115.529999,45.599998,146.080002,116.900002,213.220001,80.5,218.389999,128.949997,137.990005,259.279999,134.279999,350,59.84,212.679993,39.779999,143.539993,142.589996
169.139999,115.949997,241.600006,115.970001,188.690002,172.300003,83.07,38.720001,53.98,53.459999,217.470001,275.570007,201.979996,117.910004,45.439999,148.279999,116.519997,213.320007,81.110001,211.009995,127.709999,140.259995,247.660004,136.360001,353.690002,61.099998,213.309998,42.349998,145.559998,142.110001
169.210007,111.120003,240.690002,119.489998,182.149994,169.460007,82.459999,39.330002,53.580002,52.209999,218.050003,277.75,199.289993,117.199997,46.349998,147.800003,114.779999,218.020004,81.059998,216.550003,127.660004,142.070007,254.179993,134.960007,351.700012,61,212.699997,41.439999,147.979996,137.820007
167.050003,111.099998,237.139999,119.209999,176.720001,169.130005,80.669998,38.669998,53.009998,51.040001,214.509995,276.23999,197.240005,114.5,44.950001,148.300003,113.370003,213.070007,79.860001,215.440002,126.639999,142.149994,249.419998,132.399994,354.410004,60.790001,208.259995,40.77,148.229996,135.520004
169.789993,114.989998,237.360001,119.260002,187.110001,171.710007,83.029999,41.400002,53.450001,51.970001,219.080002,277.170013,201.539993,116.849998,45.459999,149.899994,114.080002,213.279999,81.089996,216.509995,128.279999,144.279999,249.509995,134.630005,355.670013,61.060001,210.479996,42.709999,150.539993,138.360001
173.860001,118.669998,236.660004,120.300003,202.399994,173.190002,88.959999,42.540001,53.849998,53.93,222.380005,279.570007,208.589996,118.360001,46.189999,150.850006,117.300003,216.729996,80.18,217.229996,130.110001,142.429993,249.889999,136.289993,356.820007,60.889999,212.699997,44.099998,152.440002,144.669998
173.639999,116.480003,232.440002,119.389999,210.050003,171.910004,87.040001,41.880001,53.68,54.48,224.649994,272.470001,205.330002,117.699997,45.529999,149.350006,116.110001,216.009995,81.5,214.460007,132.210007,141.880005,256.170013,135.039993,352.100006,60.75,210.710007,39.849998,149.369995,144.5
171.399994,114.239998,227.759995,118.029999,203.300003,172.740005,84.279999,41.32,52.610001,55.299999,224.300003,269.829987,201.110001,116.769997,45.060001,147.369995,115.25,215.520004,80.25,211.080002,131.630005,139.699997,257.160004,134.369995,344.51001,60.32,207.830002,38.23,149.089996,143.899994
171.610001,114.139999,224.669998,118.639999,205.669998,172.899994,85.730003,41.169998,53.130001,55.34,224.570007,270.929993,202.720001,117.18,45.619999,147.139999,115.559998,215.110001,80.389999,212.419998,131.910004,139.529999,264.649994,133.869995,337,60.209999,207.570007,37.849998,152.119995,141.720001
172.889999,112.580002,223.169998,117.339996,199.619995,172.229996,85.790001,40.970001,52.669998,54.73,223.350006,269.809998,202,116.940002,45.389999,146.360001,114.57,214.089996,80.449997,210.389999,132.979996,139.300003,258.040009,134.550003,334.700012,60.040001,203.880005,37.529999,150.240005,141.070007
174.139999,116.089996,222.220001,113.849998,211.529999,174.779999,91.029999,41.639999,52.68,55.939999,228.830002,271.399994,204.580002,120.089996,46.060001,143.869995,117.870003,217,80.279999,210.110001,134.130005,138.759995,257.640015,134.630005,335.059998,60.23,208.160004,37.98,150.929993,145.979996
177.080002,120.389999,220.460007,115.169998,218.490005,176.899994,95.620003,42.610001,53.220001,57.73,237.5,273.309998,207.889999,124.419998,47.009998,143.869995,123.32,219.710007,80.139999,213.860001,134.699997,138.309998,260.839996,136.389999,336.01001,60.639999,209.679993,38.52,151.360001,151.490005
177.119995,120.580002,220.309998,116.029999,217.610001,174.630005,92.139999,42.5,52.93,56.43,236.539993,273.959991,207.679993,124.199997,47.049999,143.679993,122.029999,219.339996,80.059998,213.869995,135.539993,138.679993,246.820007,136.020004,333.190002,60.41,210.889999,39.07,151.830002,149.089996
176.889999,120.589996,224.809998,116.589996,216.5,175.080002,91.309998,42.700001,52.700001,55.400002,235.399994,275.98999,209.410004,124.349998,47.450001,144,121.220001,218.330002,79.860001,215.229996,134.25,138.610001,247.630005,134.440002,337.940002,60.580002,211,39,151.600006,147.130005
172.729996,118.589996,222.039993,119.050003,210.710007,173.589996,87.18,43.02,51.599998,53.009998,230.580002,277.410004,203.919998,123.519997,48.349998,144.679993,117.879997,217.440002,80.389999,214.070007,134.699997,138.869995,245.800003,129.649994,336.339996,60.41,210.350006,38.009998,152.789993,148.009995
170.520004,119.93,225.080002,122.720001,213.009995,173.259995,87.449997,43.540001,52.040001,53.529999,232.080002,276.600006,206.199997,123.160004,49.560001,147.449997,119.739998,216.139999,81.550003,216.210007,135.440002,139.369995,241.350006,133.410004,341.190002,60.580002,211.199997,38.459999,152.639999,149.440002
171.850006,122.330002,226.559998,123.080002,223.850006,173.869995,89.870003,43.889999,52.110001,53.200001,237.649994,271.100006,208,124.620003,49.900002,148.139999,122.040001,210.860001,81.830002,215.369995,135.580002,138.360001,220.779999,134.039993,347.559998,61.360001,210.179993,39.84,150.520004,153.610001
171.830002,123.120003,226.910004,122.940002,237.199997,174.630005,89.800003,44.110001,52.779999,53.599998,235.470001,268.140015,208.220001,123.610001,50.990002,149,121.239998,211.509995,81.449997,214.240005,136.960007,137.339996,220.970001,135.089996,348.679993,61.740002,208.050003,42.82,149.300003,153.240005
172.460007,125.040001,229.210007,122.25,232.710007,182.210007,93.279999,44.380001,53.849998,55.049999,239.580002,263.98999,212.679993,127.199997,51.990002,150.270004,122.339996,210.740005,81.940002,214.360001,137.190002,137.470001,225.860001,136.160004,349.890015,61.549999,212.679993,43.41,148.910004,154.139999
170.149994,123.940002,226.449997,123.75,238.169998,178.710007,90.760002,44.349998,52.990002,53.209999,238.449997,262.640015,211.100006,124.699997,50.200001,148.970001,121.879997,208.889999,82.510002,214.289993,138.75,137.679993,227.699997,133.899994,347.859985,61.349998,212.649994,42.43,148.110001,153.679993
172.460007,123.519997,228.940002,124.379997,236.570007,178.839996,91.540001,44.369999,53.18,54.549999,238.839996,261.720001,212.070007,125.709999,50.689999,151.550003,122,208.389999,83.18,216.009995,139.119995,138.050003,227.860001,135.259995,347.859985,61.450001,212.770004,41.990002,149.449997,153.720001
175.289993,121.690002,229.850006,121.779999,232.059998,180.070007,90.440002,44.689999,53.330002,54.66,242.820007,265.579987,212.240005,126.790001,50.07,153.100006,121.050003,208.690002,83.470001,211.800003,138.789993,136.410004,220.570007,134.910004,344.410004,61.459999,209.580002,41.77,148.270004,154.429993
173.490005,121.839996,228.160004,123.239998,234.429993,178.850006,93.349998,44.32,53.049999,54.43,244.399994,264.809998,211.970001,124.959999,50.259998,152.25,120.269997,208.039993,82.989998,210.520004,137.580002,135.509995,222.919998,136.710007,339.649994,60.509998,207.610001,41.650002,147.039993,154.690002
174.020004,120.230003,227.399994,122.410004,230.330002,179.289993,92.449997,44.32,53.349998,54,239.990005,264.549988,214.630005,124.269997,49.73,152.949997,119.559998,207.759995,82.959999,213.259995,137.410004,136.509995,222.419998,134.949997,337.070007,60.349998,206.240005,41.529999,147,175.720001
173.080002,117.360001,229.460007,121.779999,228.619995,178.050003,89.440002,44.240002,53.27,53.060001,237.789993,265.579987,211.850006,123.529999,50.470001,149.070007,118.300003,211.919998,80.32,214.199997,136.279999,135.850006,221.270004,133.990005,336.130005,59.98,207.25,41.48,145.649994,169.300003
174.679993,119.099998,230.529999,127.879997,229.5,181.740005,89.370003,44.720001,53.84,54.130001,242.429993,267.980011,214.169998,125.93,50.669998,150.570007,120.32,214.860001,80.480003,214.130005,139.389999,136.649994,220.149994,137.259995,339.670013,60.549999,208.360001,41.330002,145.580002,173.940002
175.410004,119,228.440002,127.809998,225.869995,179.5,88.690002,44.720001,53.060001,53.830002,243.770004,269.589996,210.309998,125.550003,51.119999,149.669998,120.669998,213.800003,79.830002,219.279999,138.339996,137.270004,223.619995,137.440002,339.339996,59.91,208.270004,40.439999,145.429993,173.119995
176.649994,118.980003,231.240005,128.699997,221.240005,179.169998,88.410004,44.82,53.27,53.830002,244.429993,273.970001,211.940002,125.550003,50.650002,153.619995,119.669998,214.25,79.82,219.419998,140.5,138.25,225.919998,138.029999,341.670013,60.009998,211.179993,40.880001,146.100006,173.550003
176.419998,117.510002,228.490005,126.660004,219.75,180.960007,87.190002,45.439999,53.740002,55.66,242.130005,270.450012,210.039993,125.849998,47.459999,154.509995,119.080002,215.080002,79.529999,218.589996,137.279999,139.039993,227.429993,138.860001,338.380005,60.459999,211.309998,40.689999,145.949997,172.889999
175.660004,116.410004,227.309998,128.229996,219.309998,180.160004,86.089996,44.880001,52.810001,55.080002,256.980011,270.98999,210.660004,123.389999,46.360001,153.020004,123.550003,211.669998,79.290001,222.589996,144.020004,137.520004,226.470001,138.149994,336.079987,59.490002,209.009995,40.669998,145.970001,170.690002
174.779999,114.550003,220.990005,131.880005,218.779999,176.580002,84.360001,44.689999,52.759998,54.669998,250.089996,270.040009,207.940002,123.610001,46.169998,152.720001,121.669998,211.919998,79.419998,223.940002,142.449997,136.550003,231.169998,136.479996,335.01001,58.990002,205.839996,39.27,144.199997,170.449997
173.990005,116.949997,222.940002,130.960007,219.690002,178.419998,85.690002,44.380001,53.080002,54.75,256.450012,269.809998,209.990005,123.900002,46.57,151.940002,125.07,212.020004,79.760002,221.020004,141.759995,136.339996,227.429993,137.949997,337.589996,58.959999,205.300003,39.869999,143.220001,173.550003
174.520004,117.349998,222.929993,131.970001,217.149994,179.559998,85.330002,44.540001,53.439999,54.790001,256.160004,270.920013,209.529999,124.690002,47.07,152.470001,124.519997,211.389999,80.139999,222.75,141.600006,137.720001,225.779999,138.490005,340.790009,58.84,208.699997,39.619999,143.5,173.729996
174.710007,118.360001,223.649994,136.690002,216.089996,178.369995,84.900002,44.919998,54.16,54.290001,259.589996,269.25,209.940002,124.82,47.07,153.190002,125.339996,214.020004,80.449997,224.960007,142.429993,138.679993,224.639999,139.190002,345.950012,58.98,212.630005,39.66,145.220001,178.860001
173.850006,118.139999,226.869995,134.869995,216.25,176.649994,84.610001,44.639999,54.130001,54.330002,258.01001,266.190002,209.130005,123.800003,49.389999,154.139999,125.010002,212.710007,81.419998,224.149994,141.570007,138.419998,222.460007,138.350006,347.350006,58.810001,214.369995,39.41,144.300003,177.300003
174.110001,119.43,227.169998,133.720001,216.669998,180.039993,85.330002,44.48,54.439999,55.470001,259.450012,265.26001,210.949997,124.339996,48.75,156.050003,125.360001,211.559998,80.589996,221.679993,141.580002,137.770004,222.399994,139.080002,344.98999,58.139999,218.360001,39.34,144.179993,181.169998
174.789993,120.910004,229.919998,132.690002,214.059998,182.020004,84.449997,44.75,54.84,55.5,263.709991,265.619995,212.699997,125.879997,49.82,157.380005,127.07,214.580002,81.800003,222.419998,141.470001,139.139999,222.529999,140.369995,350.679993,58.75,218.729996,39.880001,144.149994,181.179993
